sentiment,Total_PnL,Average_PnL,Win_Rate,Avg_ROI_Percentage,Total_Volume_USD,Total_Trades
Fear,757104.0601152742,81.26049802675476,40.2,2.03,267863657.33,9317
Neutral,479317.72225704975,83.46120882065989,46.56,2.23,104794552.87,5743
Greed,464491.3732118746,59.94984166389709,36.59,2.46,174215240.22,7748
Extreme Greed,150151.8562671499,36.391627791359646,24.29,0.73,59411749.4,4126
Extreme Fear,72869.51233469992,73.45716969223783,30.14,2.33,9588317.24,992
